member_id,first_name,last_name,date_of_birth,gender,phone,email,street,city,state,postal_code,country,join_date,status,coverage_id
M0001,Sally,Torres,1966-11-10,Female,001-354-994-7355x12326,phillipssharon@example.com,7546 Smith Divide,Lake Erin,South Dakota,41075,USA,2022-08-09,Active,C0252
M0003,Marie,Williams,1978-02-23,Female,001-487-467-1990x97652,matthewscott@example.com,4852 Stephenson Squares,Ramosside,Kentucky,9371,USA,2023-08-09,Inactive,C0446
M0004,Alexander,Mahoney,2007-03-02,Male,751-708-2102,lynntran@example.net,823 Wilkinson Park Apt. 300,Lake Lisaton,Alaska,91535,USA,2025-10-25,Inactive,C0093
M0005,Emily,Lee,2003-08-26,Female,+1-766-475-0509x8816,fsanchez@example.com,3601 Patricia Spring Suite 076,North Brittany,Rhode Island,29126,USA,2021-09-06,Inactive,C0864
M0006,Amy,Phillips,1952-03-26,Female,964.288.7199,floresadrian@example.net,2716 Murphy Camp,Johnshire,South Carolina,6659,USA,2024-02-18,Inactive,C0618
M0010,Joy,Duke,1958-12-18,Female,740-864-0139x38946,blakeramos@example.com,4569 Marie Pike Apt. 906,Pettyhaven,Delaware,96714,USA,2022-12-15,Inactive,C0955
M0011,Tanya,Thomas,1953-05-30,Female,(753)816-2744x6701,nsmith@example.org,0992 Roman Crest Apt. 712,New Christopher,Rhode Island,39195,USA,2023-06-26,Active,C0912
M0013,Ann,Shaw,1963-11-12,Female,952.276.4151x1308,belinda44@example.com,3993 Sanders Ridge,Derrickborough,Minnesota,89855,USA,2022-12-12,Inactive,C0228
M0014,Melissa,Holden,1968-12-22,Female,001-683-201-0007x289,smalljeffrey@example.com,0827 Craig Hills Apt. 872,East Russell,Alabama,97642,USA,2023-05-06,Active,C0771
M0015,Gary,Arnold,1973-12-07,Male,6985396921,reneerivera@example.net,383 Samuel Avenue,Powellborough,California,11921,USA,2025-02-15,Active,C0489
M0016,Matthew,Patterson,1961-02-05,Male,516.215.2299x2878,udelgado@example.com,370 Wendy Mills Suite 890,Riceberg,Massachusetts,72902,USA,2023-01-22,Active,C0946
M0017,Jennifer,Church,1999-02-24,Female,954.343.9749,sandra44@example.net,129 Ashley Squares,North James,Maryland,61892,USA,2021-12-19,Inactive,C0458
M0019,Alicia,Bryan,1980-07-01,Female,(650)563-2378x4271,roberto66@example.com,7260 Woods Villages Apt. 188,Kingland,Oklahoma,76587,USA,2025-09-29,Active,C0105
M0020,Amanda,Todd,1960-03-30,Female,001-734-602-7410x307,wmurray@example.org,7808 Gentry Plains,Gayton,California,40123,USA,2023-07-09,Active,C0893
M0022,Jamie,Anderson,1981-10-20,Female,001-357-589-1711,ccastaneda@example.com,002 Smith Neck,New Paulmouth,Pennsylvania,85875,USA,2023-01-21,Active,C0724
M0028,Sarah,Scott,1952-07-20,Female,001-345-543-4871,jonesbrian@example.net,75056 Nicole Prairie Suite 099,Tateberg,Vermont,28530,USA,2023-01-05,Active,C0886
M0030,Tiffany,Mooney,1993-01-18,Female,874.702.5654,christopher57@example.net,1603 Darren Isle,Frazierberg,Oregon,9246,USA,2023-07-12,Active,C0873
M0031,Joel,Santana,1956-05-12,Male,996-336-5914x560,mendozathomas@example.net,26414 Alan Heights,Lake Aliciaborough,Texas,92816,USA,2022-03-16,Active,C0193
M0033,Bradley,Erickson,1989-05-10,Male,(541)455-6939x68621,clawrence@example.com,20374 Daniel Haven,Lake Davidville,Mississippi,78011,USA,2024-02-09,Inactive,C0438
M0034,Lucas,Carpenter,1966-05-23,Male,609-680-1338,joycebrian@example.org,2448 Rachel Crest,North Anthonyton,Colorado,89119,USA,2023-12-04,Active,C0737
M0035,Brandon,Payne,2006-05-22,Male,645.529.2208x1611,donald44@example.org,973 Phillip Lodge,Amyfurt,Louisiana,93659,USA,2025-08-15,Inactive,C0602
M0037,Michael,Hicks,1989-02-15,Male,001-560-484-0473x72793,nathanmurphy@example.net,74750 Martin Mall,North Kelly,Arkansas,53519,USA,2024-11-15,Active,C0212
M0038,Alexander,Reynolds,1975-11-20,Male,219.587.9405x168,greenesarah@example.com,116 William Land Apt. 320,South Ashley,South Carolina,47380,USA,2025-06-17,Active,C0198
M0039,Steven,Miller,1988-09-24,Male,+1-565-297-4725x495,tammy79@example.org,67131 Heather Stravenue,Port Seanmouth,New Jersey,2500,USA,2021-08-17,Active,C0789
M0043,John,Johnson,1970-05-06,Male,+1-241-514-0909x805,hjohnson@example.net,12937 Michael Mall,North Hannahbury,Kansas,18940,USA,2023-01-26,Inactive,C0388
M0044,Nicole,Small,1994-07-02,Female,412.869.8145x4348,powens@example.org,46444 Leonard Spur Apt. 777,South Joan,North Carolina,84843,USA,2021-11-20,Inactive,C0857
M0045,Kenneth,Hess,1992-09-20,Male,225-718-2547,douglas01@example.com,67127 Crawford Coves,South Lisa,New Mexico,16441,USA,2022-05-11,Inactive,C0763
M0046,Kyle,Saunders,1957-05-02,Male,267-623-0536,davispeter@example.net,5514 David Glen Suite 328,Katherineshire,Oklahoma,24302,USA,2022-11-08,Active,C0231
M0047,Molly,Johnson,1994-09-30,Female,286-700-4358,daniellegregory@example.net,32681 Sharon Station Apt. 528,Drakeville,Virginia,69815,USA,2021-12-09,Active,C0516
M0048,Brett,Lee,1971-04-30,Male,885.498.1247x022,wgarcia@example.com,11493 Ryan Ranch,Port Matthewland,North Carolina,69599,USA,2022-03-08,Active,C0593
M0049,Megan,Brown,1961-08-23,Female,001-992-627-5708x652,tinacantu@example.net,8178 Davis Springs Suite 040,Randallburgh,Georgia,91995,USA,2023-05-06,Active,C0094
M0052,John,King,1970-08-22,Male,(934)456-1220x318,idavis@example.org,438 Sanchez Brooks Apt. 285,East Timothy,Oregon,61336,USA,2023-01-28,Inactive,C0735
M0053,Cindy,Tate,1975-09-24,Female,558-546-2214,john03@example.net,908 Valerie Islands Suite 418,Ashleymouth,New York,81628,USA,2023-02-21,Inactive,C0774
M0054,Carla,Martinez,2006-06-24,Female,794.624.0346,terrycraig@example.org,03285 Cummings Ranch Apt. 072,Lake Vickiview,New Jersey,2355,USA,2021-10-19,Inactive,C0600
M0055,Ryan,Dorsey,1965-08-26,Male,(933)328-1344x192,megan82@example.com,072 Wesley Pines Suite 547,Port Jaime,Nebraska,72878,USA,2024-04-23,Active,C0686
M0061,Casey,Holland,1962-02-15,Female,+1-867-831-5497,shelbynicholson@example.net,0369 Bryan Ports Suite 863,West Jeremy,Arkansas,40220,USA,2022-02-21,Inactive,C0222
M0062,Alexander,Liu,1971-02-19,Male,(415)559-2842,williamsoneileen@example.org,14017 Cobb Divide,New Kevin,Georgia,20397,USA,2025-08-30,Inactive,C0135
M0064,Sharon,Roman,2001-09-04,Female,421.916.9499x49292,deborahmclaughlin@example.org,188 David Parkway,Port Carla,Mississippi,62791,USA,2021-06-23,Active,C0302
M0065,Caitlin,King,1956-06-01,Female,001-245-645-7519,christinebowman@example.org,64783 Perry Mall,Careyfort,California,59156,USA,2025-12-12,Active,C0878
M0066,Susan,Daniels,1954-11-20,Female,(871)307-8457x66254,ebrown@example.com,652 Melissa Orchard Apt. 040,West Patriciatown,New Hampshire,1173,USA,2023-04-27,Inactive,C0300
M0067,Hayley,Cowan,1964-11-30,Female,575-327-0663,wrodriguez@example.org,70612 Vazquez Crescent,New Davidton,West Virginia,86568,USA,2024-01-06,Inactive,C0795
M0069,Heather,Perry,1991-07-15,Female,001-323-832-9236x47367,fabbott@example.org,35586 Kane Stravenue,Elizabethfurt,Minnesota,74807,USA,2025-01-19,Inactive,C0141
M0070,Michelle,Buchanan,1993-10-25,Female,+1-762-235-3029x1306,esteele@example.net,730 Henson Rest Apt. 876,North Juanberg,California,9977,USA,2026-02-16,Inactive,C0200
M0073,Tammy,Stanley,1978-06-09,Female,(251)425-8491x9011,jason61@example.com,3484 Mark Causeway Apt. 732,Matthewburgh,Idaho,6278,USA,2025-05-27,Inactive,C0071
M0074,Kelly,Taylor,1979-08-17,Female,001-388-543-4106,walkertony@example.net,20885 Peter Wells,Williamsmouth,Kansas,67695,USA,2025-10-01,Inactive,C0816
M0077,Alexis,Powell,1985-01-26,Female,356-452-8651,williambecker@example.net,31542 Harris Roads Apt. 890,Hannahmouth,Massachusetts,33816,USA,2023-07-06,Active,C0062
M0078,Lance,Garcia,1999-12-13,Male,455-678-0588x31129,dylanparker@example.net,82421 Thompson Loaf,Lake Kelly,Oregon,90461,USA,2026-03-22,Inactive,C0993
M0079,Brooke,Vaughan,1950-07-28,Female,(481)769-9726x548,athomas@example.com,876 Gregory Trace Apt. 957,East Don,New York,66790,USA,2026-05-04,Inactive,C0527
M0080,Terry,Melton,1997-01-19,Male,001-689-465-3644,brownsandra@example.com,84268 Veronica Lodge,Brianberg,Illinois,36000,USA,2025-09-17,Inactive,C0069
M0081,David,Rodriguez,1993-02-18,Male,805.861.5235,mcbridejacqueline@example.net,1461 Ortiz Dam Suite 343,West Jacobfort,Hawaii,18823,USA,2023-05-15,Inactive,C0104
M0082,Julia,Hanson,1991-11-15,Female,+1-868-970-3186x3088,marthaatkins@example.com,89984 Miller Orchard,New Erinshire,New Mexico,44484,USA,2024-12-12,Inactive,C0389
M0083,Richard,Snyder,1993-02-15,Male,867.717.3600,davidsonemily@example.net,76583 Miller Islands,South Margaret,Colorado,89679,USA,2026-01-17,Inactive,C0396
M0084,James,Murray,1964-12-17,Male,(733)485-4384x146,warrenbrady@example.net,3223 Wolfe Overpass,Osborneshire,Oregon,88204,USA,2024-08-09,Active,C0347
M0085,Dawn,Miller,2003-03-25,Female,001-463-669-3896x563,robert57@example.net,218 Jonathan Underpass Suite 293,Reyesfort,Kansas,65098,USA,2024-03-06,Inactive,C0247
M0086,Hayley,Mack,1956-08-05,Female,752-955-2687x1136,jasmine52@example.org,08800 Jasmine Springs,Baileyfort,Oklahoma,74698,USA,2023-08-29,Inactive,C0276
M0090,Wendy,Harrison,2004-09-02,Female,485.315.4939x333,moralesstephanie@example.com,7351 Moon Pine,Christophershire,Pennsylvania,80427,USA,2026-01-21,Active,C0072
M0091,Teresa,Thompson,1968-03-22,Female,001-469-574-0330x318,heather89@example.org,84336 James Squares Suite 050,Elizabethbury,Colorado,92449,USA,2025-04-23,Inactive,C0794
M0096,Matthew,Warner,1953-03-14,Male,928-236-1586x13838,rebeccathomas@example.net,859 Matthew Harbor Suite 037,West Mark,Alaska,17897,USA,2025-07-29,Active,C0215
M0099,Connie,Compton,1966-07-02,Female,001-828-692-6497x8559,gina12@example.net,3775 Reyes Forges,Cruzmouth,New Hampshire,79502,USA,2023-09-02,Active,C0669
M0100,Valerie,Roy,1964-04-01,Female,+1-972-624-5536x5777,victoriaandersen@example.org,8481 Jonathan Pike Apt. 510,North Peterview,Missouri,22457,USA,2021-07-11,Inactive,C0587
M0101,Joanne,Long,1959-04-22,Female,+1-935-608-2555x5564,mcdonaldvanessa@example.com,03810 Angie Locks Suite 103,New Julie,Kentucky,44370,USA,2025-04-23,Active,C0563
M0102,Jonathon,Perez,1982-12-30,Male,217.858.4683x116,ofigueroa@example.org,4178 Huang Stravenue,East Debbie,Vermont,20097,USA,2021-06-10,Active,C0552
M0103,Christina,Williams,1977-05-07,Female,001-603-519-7380x9339,lorrainesharp@example.net,8101 Sullivan Lane Suite 812,West Julie,Florida,10939,USA,2021-06-07,Inactive,C0922
M0104,Timothy,Garcia,1994-04-05,Male,523.331.9430x91464,jparks@example.org,31203 Coleman Pine,Roweton,Utah,23569,USA,2026-04-20,Active,C0376
M0105,Carolyn,Munoz,2006-04-04,Female,588.744.0420,theresarichardson@example.net,956 Bryce Coves,Elliottton,West Virginia,75026,USA,2024-08-17,Active,C0895
M0106,Nichole,Garcia,2001-07-14,Female,958.252.0040,iwalker@example.net,30850 Ray Alley,Lake Brandy,Florida,80946,USA,2024-07-12,Inactive,C0913
M0107,Angela,Lloyd,1986-12-22,Female,921-772-3118,stevenwebster@example.org,3757 Mckinney Shoals Suite 713,Aaronside,Nebraska,81626,USA,2022-10-07,Inactive,C0564
M0110,Carl,Hicks,1968-03-20,Male,001-967-732-4228,tavila@example.com,9993 Richards Rapids Apt. 646,Tomtown,Rhode Island,40702,USA,2025-05-29,Active,C0565
M0111,Susan,Hanson,1985-03-06,Female,305.555.1580x974,nmorris@example.net,250 Laurie Alley Apt. 404,East Robert,Wyoming,62472,USA,2023-04-02,Inactive,C0563
M0112,Victoria,Garrison,1949-09-25,Female,(939)884-7951,qsmith@example.org,46889 James Street Apt. 626,New Wendy,West Virginia,8765,USA,2023-12-10,Active,C0140
M0113,Matthew,Carter,1963-03-05,Male,(276)625-9777x15217,katherine45@example.com,03099 Brooks Avenue,Gonzalezchester,Nevada,27204,USA,2021-12-24,Inactive,C0216
M0114,Juan,Perez,1965-03-11,Male,(835)398-3008,djackson@example.org,6738 Angelica Camp,Gregoryshire,North Dakota,53910,USA,2022-01-10,Inactive,C0421
M0116,Gary,Ramos,1992-07-10,Male,001-470-219-0836x2303,timothy71@example.net,82640 Pamela Passage,South Amanda,Nebraska,79866,USA,2023-04-28,Inactive,C0820
M0119,Elaine,Jackson,2005-08-18,Female,001-785-317-3046,farmersarah@example.org,0772 Hicks Knoll Apt. 130,North Leahmouth,North Dakota,12468,USA,2024-12-11,Active,C0542
M0120,Julie,Pittman,1971-03-05,Female,757-722-0410x741,alexandermoore@example.net,355 Graham Burg,West Joshuamouth,Tennessee,9979,USA,2023-08-11,Active,C0197
M0121,Mary,Meyer,1991-06-13,Female,+1-448-866-7084x1538,richmondanthony@example.net,4775 Chang Mount,Jennifermouth,New York,57296,USA,2022-02-07,Inactive,C0096
M0122,Brittany,Smith,1962-01-26,Female,908-960-1187,alexandercarson@example.com,520 Tran Landing,Port Sheilaberg,Washington,11993,USA,2025-10-10,Active,C0175
M0123,Shelby,Crawford,1957-03-11,Female,(227)390-5071,jonathandavis@example.org,046 Isaac Fort,North Timothy,Washington,91857,USA,2021-10-30,Active,C0192
M0124,Teresa,Washington,1984-06-13,Female,913-353-3495x82273,hamiltondanielle@example.com,92530 Sean Key,West Alexanderville,Rhode Island,27090,USA,2025-06-07,Inactive,C0883
M0125,Robert,Vasquez,2005-01-19,Male,+1-724-690-8805x178,ckeller@example.com,234 Ortega Estate Suite 140,Port Jacqueline,Iowa,74118,USA,2023-06-07,Inactive,C0883
M0126,Michael,Humphrey,1999-11-12,Male,819.707.5936,samuelbishop@example.com,9158 Arnold Locks Apt. 616,Gabriellefurt,California,34995,USA,2024-01-10,Inactive,C0730
M0127,Phillip,Morgan,1986-12-29,Male,845.890.4720x65276,bryan92@example.org,502 Colon Port Suite 822,South Christopher,New Jersey,89298,USA,2021-08-04,Active,C0968
M0128,Ryan,Simmons,1995-09-24,Male,001-827-721-1687x944,rfields@example.net,46487 Amy Streets Suite 064,West Michael,Colorado,28749,USA,2022-11-16,Inactive,C0405
M0129,Heather,Salazar,1972-10-09,Female,+1-499-945-4758x126,brandi19@example.net,7856 Jessica Summit,Nicholaston,Iowa,66824,USA,2025-07-27,Active,C0444
M0131,Heather,Rodriguez,1981-08-18,Female,+1-245-844-3927x7787,gthompson@example.net,768 Silva Corner,Michaelland,Virginia,20594,USA,2023-01-31,Inactive,C0634
M0132,Jason,Davis,1974-07-13,Male,(411)818-8735,xreynolds@example.com,78634 Susan Cliffs Suite 749,East Javier,Oklahoma,44358,USA,2025-01-06,Active,C0377
M0133,Dylan,Garner,1981-03-05,Male,(613)464-3962,courtney91@example.com,269 Colton Corner,North Patriciaport,Ohio,88650,USA,2025-09-20,Inactive,C0684
M0134,Cynthia,Rodriguez,1995-06-04,Female,001-432-743-7854x11210,ramirezjuan@example.com,646 Hanna Branch,Larryton,Idaho,86627,USA,2026-05-02,Inactive,C0836
M0135,Antonio,Collins,1970-11-05,Male,894-470-2671x715,nosborn@example.net,773 Allen Mountains Apt. 308,South Evanfurt,New Mexico,841,USA,2022-10-01,Active,C0823
M0136,Alexis,Powell,1951-01-14,Female,001-701-585-7128x063,fhardin@example.org,9920 Doyle Skyway Suite 101,South Monicabury,Alabama,91280,USA,2023-09-30,Inactive,C0784
M0137,John,Thomas,1990-07-08,Male,477-912-3049x8343,danielsrichard@example.com,065 Stone Underpass Suite 139,Mcdonaldburgh,Indiana,2722,USA,2023-06-29,Active,C0679
M0139,Melinda,Beltran,1973-05-04,Female,+1-665-327-7518x39163,kennethwilliams@example.com,378 Padilla Bridge,West Rebecca,Alaska,98937,USA,2026-03-30,Inactive,C0697
M0141,Melissa,Sheppard,1954-02-25,Female,+1-274-329-5224x95183,beverly25@example.net,48179 Jordan Ramp Suite 743,South Leonard,Delaware,97380,USA,2024-07-12,Inactive,C0579
M0143,Adrian,Edwards,1968-06-02,Male,737-208-9497x45734,joshua51@example.net,16551 Figueroa Islands,Moniquestad,Idaho,6403,USA,2023-09-18,Active,C0696
M0145,Adam,Lucas,1976-06-16,Male,694-318-4954x8769,combsvictor@example.org,2668 Travis Harbors,East Elizabethside,Montana,96490,USA,2025-11-30,Active,C0469
M0146,Paul,Black,1991-06-13,Male,(557)919-0301x8527,cardenasjamie@example.net,6554 Stephen Haven Suite 857,Travisland,Massachusetts,59566,USA,2023-05-27,Active,C0033
M0147,Joshua,Patterson,2002-05-20,Male,734.562.1266x267,nsweeney@example.net,19933 Christian Meadow,Ericmouth,Washington,57532,USA,2021-07-30,Inactive,C0382
M0149,Marissa,Nicholson,1988-04-27,Female,884.377.6132x256,abrown@example.net,46954 Watson Harbor,North Jennaburgh,Massachusetts,30343,USA,2023-10-17,Active,C0456
M0150,Steven,Arias,1991-05-18,Male,(487)732-6288x89430,shirleydavis@example.org,9917 John Viaduct Apt. 296,South Rachel,Wisconsin,73739,USA,2022-07-04,Active,C0350
M0154,Kelly,Benson,1959-08-24,Female,001-594-694-7692x6422,kariburch@example.com,269 Cynthia Ferry,Vargasbury,Pennsylvania,21307,USA,2025-01-10,Active,C0921
M0156,Ryan,Cuevas,1954-03-30,Male,444-459-1089,eddiehudson@example.net,01971 Miller Rue Suite 754,Port Kimberlymouth,North Dakota,94748,USA,2023-05-03,Inactive,C0929
M0157,Brendan,Hudson,1966-07-04,Male,001-811-604-0186x506,jennifer28@example.net,439 Johnson Stravenue Suite 866,West Shelbymouth,Mississippi,45913,USA,2025-06-12,Inactive,C0301
M0159,Aaron,Wiggins,1952-08-10,Male,+1-289-273-8844x130,andrew57@example.org,12940 Kimberly Roads,Nicoleburgh,Tennessee,22357,USA,2025-02-09,Active,C0675
M0160,Nathan,Burns,1989-12-01,Male,(427)375-0726x164,guybennett@example.com,25646 Cunningham Divide,South Brentbury,West Virginia,93467,USA,2025-11-25,Active,C0856
M0161,John,Howell,1981-04-18,Male,382-207-7797x1834,sperez@example.com,12043 Kennedy Meadows Apt. 320,West Cesar,New York,70867,USA,2024-04-11,Inactive,C0787
M0162,Keith,Morris,1953-08-25,Male,(895)994-2469x599,mnguyen@example.net,8956 Phillip Square Suite 875,Amberstad,Mississippi,82863,USA,2025-07-13,Inactive,C0843
M0163,Emily,Miller,1972-11-17,Female,001-659-592-0291x31080,levi31@example.net,04453 Olson Extension Apt. 042,Robertafort,Tennessee,66779,USA,2022-01-07,Active,C0044
M0165,Julia,Obrien,1960-10-15,Female,001-739-709-3995x41567,pmoore@example.org,788 Michael Locks Suite 928,North Victoria,South Carolina,43702,USA,2024-06-13,Inactive,C0359
M0166,Todd,Harper,1976-11-11,Male,920-309-5972,jmccoy@example.com,8527 Fuller Radial Suite 664,East Linda,Minnesota,81768,USA,2023-06-13,Active,C0121
M0168,Rebecca,Fields,2001-04-03,Female,001-816-387-3408,taramorrison@example.org,6811 Mary Square Suite 395,Lambberg,New York,96330,USA,2025-01-25,Active,C0478
M0170,Kenneth,Espinoza,1971-11-13,Male,001-951-758-9526x7567,ppruitt@example.com,723 Sullivan Point Suite 588,Gabrielbury,Massachusetts,53597,USA,2021-11-18,Active,C0200
M0171,Rose,Jimenez,2002-07-12,Female,820.929.5731,jasoncamacho@example.net,78379 Carolyn Estate Apt. 899,Greggchester,North Carolina,56723,USA,2022-06-08,Active,C0644
M0172,Nicholas,Nelson,1982-02-03,Male,(801)553-6324x41716,smithlisa@example.com,631 Nicole Knoll Suite 185,Jodyview,Minnesota,45906,USA,2022-11-27,Inactive,C0513
M0173,Susan,Cook,1986-04-04,Female,001-963-991-7797x343,dbarnes@example.net,6155 Rice Court Suite 025,Lake Wendyton,Rhode Island,35224,USA,2024-07-04,Active,C0504
M0175,Maurice,Clay,1970-03-14,Male,001-897-273-6016x65956,dscott@example.net,878 Teresa Pine Suite 180,Lake Sandrashire,Virginia,49938,USA,2026-05-01,Active,C0242
M0176,Matthew,Shaw,2001-12-20,Male,363.754.9518,jacquelinehall@example.com,4719 Rose Glen,Harmonside,Michigan,64989,USA,2022-04-05,Active,C0534
M0177,Ethan,Dodson,1979-10-07,Male,(761)524-4740x7006,twalker@example.org,90751 David Bypass,Robinland,South Carolina,74238,USA,2024-12-26,Active,C0182
M0178,Tom,Jackson,1993-02-18,Male,250.980.8341,terri11@example.com,4487 Bowman Lodge,North Lindseyberg,Wyoming,21164,USA,2023-05-08,Active,C0372
M0179,Donna,Wiley,2002-04-10,Female,+1-427-300-9802x5949,tpollard@example.org,32807 Courtney Stream Suite 911,East Savannah,Colorado,77547,USA,2024-07-25,Inactive,C0017
M0180,Christina,Sanchez,1969-12-06,Female,+1-926-482-4359x2777,daniel11@example.net,589 Acosta Fords,Phelpsburgh,Ohio,37869,USA,2025-02-26,Active,C0752
M0184,Sandra,Wright,1981-10-30,Female,001-962-961-7121x43112,eugeneroberts@example.org,14261 Mark Mountains,East Tanyaport,Ohio,20868,USA,2022-06-11,Active,C0611
M0185,Angela,Shaffer,1954-04-25,Female,231-682-2503x766,petersonjohn@example.net,731 Phillip Prairie Suite 307,North Thomastown,Connecticut,30152,USA,2025-07-15,Inactive,C0115
M0187,Heather,Brown,1953-12-21,Female,001-587-404-6154x64829,bautistajessica@example.net,844 Jennifer Drives,Charlesburgh,New Mexico,50034,USA,2022-09-10,Inactive,C0907
M0188,George,Green,1973-10-12,Male,251.972.1248,samantha66@example.com,311 King Inlet,Lisastad,Kansas,67386,USA,2026-03-30,Active,C0887
M0193,Alison,Reilly,1985-07-14,Female,001-561-780-5245x587,mcdowellmichael@example.net,0162 Megan Crossroad Suite 725,Matthewville,Idaho,21509,USA,2025-08-24,Active,C0583
M0194,Michael,Hernandez,1963-11-10,Male,925-203-1441,kfitzgerald@example.net,189 Carter Dam Apt. 553,Smithberg,Montana,82180,USA,2025-01-21,Active,C0430
M0195,Isaac,Adams,1971-12-10,Male,(440)437-5428x5093,uramirez@example.net,153 Edwards Radial Apt. 414,Lintown,North Carolina,43544,USA,2023-07-22,Inactive,C0069
M0196,Bailey,Cooper,1993-09-14,Female,001-453-547-4760x321,andreagarcia@example.net,692 Brady Square,Bryanmouth,New York,57205,USA,2022-07-11,Active,C0809
M0197,Andrew,Cole,1954-08-13,Male,+1-964-737-4844,upowell@example.net,415 Anna Mill Suite 046,Bonillastad,Alabama,97302,USA,2023-10-20,Active,C0560
M0199,Tammy,Riddle,1997-04-04,Female,816-627-3378,alexnoble@example.com,10295 Reyes Trail Apt. 224,Schultzburgh,Maine,35381,USA,2023-05-17,Active,C0349
M0002,Matthew,Carter,1986-03-13,Male,(719)308-4889,rubenshaw@example.net,40139 Mary Shoals Apt. 719,North Laurenborough,West Virginia,84503,USA,2022-07-08,Inactive,C0664
M0007,Courtney,Taylor,1951-01-10,Female,(823)850-2803,michael35@example.org,390 William Green Apt. 786,West Jasminmouth,Nebraska,56601,USA,2022-06-03,Active,C0283
M0008,Megan,Turner,1954-10-27,Female,(638)797-6543,thomasfreeman@example.com,4208 Sara Point,South Sarah,Maine,39211,USA,2025-05-05,Inactive,C0570
M0009,Kevin,Morrison,2000-10-06,Male,(751)469-9577,mark38@example.com,9224 Curtis Brook Apt. 112,Clineborough,Rhode Island,83143,USA,2023-07-03,Inactive,C0258
M0012,Sandra,Benson,1984-10-08,Female,(752)973-3295,fbranch@example.net,491 Justin Well Suite 447,Juanhaven,Missouri,48680,USA,2022-07-14,Inactive,C0660
M0018,Catherine,Ferguson,1970-10-03,Female,(538)272-8423,jason81@example.net,61015 Jason Junction Apt. 736,Brendaside,Arizona,46603,USA,2022-04-02,Inactive,C0686
M0021,James,Hernandez,1987-12-12,Male,(265)546-0344,derrickjackson@example.net,47831 Julian Plains,Justinhaven,Connecticut,74574,USA,2024-03-04,Inactive,C0647
M0023,David,Franklin,1960-02-13,Male,(605)858-7517,xfitzgerald@example.org,486 William Ranch,North Paulhaven,Kentucky,73864,USA,2025-01-31,Inactive,C0307
M0024,Kelli,Smith,1985-12-03,Female,(570)424-2266,richard61@example.org,648 Gonzales Spring,Caseyburgh,Texas,45992,USA,2025-01-20,Inactive,C0869
M0025,Jennifer,Greene,1976-12-26,Female,(984)328-2103,lisasanchez@example.com,9870 Clements Points,New Gail,Illinois,51750,USA,2025-07-05,Active,C0392
M0026,William,Henderson,1994-04-03,Male,(299)874-7062,benjamin81@example.net,52486 Lynch Via,Michaelmouth,Kentucky,56260,USA,2024-03-04,Inactive,C0713
M0027,Melissa,Johnson,1962-06-16,Female,(610)474-1084,stewartkenneth@example.com,3535 Dawn Forge,North Arthur,Georgia,67772,USA,2023-12-31,Inactive,C0598
M0029,Carla,Ross,1995-01-18,Female,(918)899-1169,michael70@example.net,37143 Le Forge,Foxtown,Alaska,83567,USA,2023-03-08,Inactive,C0649
M0032,William,Johnson,1954-09-09,Male,(648)729-7397,martinezkimberly@example.net,02493 Dominic Plaza Apt. 229,Jonathanton,Michigan,47430,USA,2021-06-29,Inactive,C0228
M0036,Michelle,Ross,1979-11-06,Female,(986)994-0916,orogers@example.org,8989 West Neck Suite 978,West Carolyn,New Mexico,72255,USA,2026-04-25,Inactive,C0534
M0040,Chloe,Hill,1950-10-21,Female,(813)531-8005,kellystokes@example.org,67371 Parker Locks,Ryanland,Maine,20585,USA,2022-09-20,Inactive,C0746
M0041,Kimberly,Lloyd,1981-07-22,Female,(854)719-9977,rachel16@example.net,834 Carey Course Suite 394,Barbermouth,Massachusetts,9840,USA,2021-07-29,Inactive,C0308
M0042,Robert,Swanson,1965-12-29,Male,(311)454-3139,mmartin@example.org,1152 Dudley Shores Apt. 043,Crystaltown,Florida,15947,USA,2021-06-12,Inactive,C0158
M0050,Joseph,Estrada,1958-01-23,Male,(434)269-0514,wgamble@example.org,443 Paul Valley Suite 205,New Lesliefurt,West Virginia,56016,USA,2023-01-12,Inactive,C0008
M0051,Stephanie,Smith,1956-01-29,Female,(457)766-0188,john55@example.org,485 Stephanie Manor Suite 900,Manningmouth,Montana,74608,USA,2023-02-18,Active,C0401
M0056,Jillian,Johnson,1996-06-05,Female,(721)705-1489,josewoods@example.net,144 Jose Way,Michaelchester,Iowa,72418,USA,2025-04-07,Active,C0042
M0057,Lynn,Ochoa,1995-12-08,Female,(314)500-7123,flewis@example.net,7820 Lopez Curve,New Staciemouth,North Dakota,53067,USA,2023-09-21,Inactive,C0797
M0058,Vernon,Brown,1986-01-31,Male,(424)901-5313,hernandezmatthew@example.com,55050 Fleming Turnpike,Spencermouth,South Carolina,21119,USA,2025-01-29,Active,C0759
M0059,Jennifer,Compton,1955-08-16,Female,(419)752-2167,wfarmer@example.org,1276 Fletcher Plains Suite 104,Port Shirleystad,Arizona,59594,USA,2026-01-27,Active,C0796
M0060,James,Smith,1952-07-05,Male,(973)248-1796,carolyn71@example.net,019 Cortez Pine Apt. 430,Jenkinsborough,Vermont,66402,USA,2022-11-07,Active,C0198
M0063,Dana,Newman,1984-02-11,Female,(476)855-9125,jacob93@example.net,9582 Velez Locks Suite 123,Mitchellmouth,Tennessee,98975,USA,2022-12-30,Active,C0036
M0068,Sharon,Jordan,1971-09-08,Female,(821)633-3470,tramirez@example.org,69229 May Mall,New Lynn,West Virginia,39396,USA,2023-11-11,Active,C0626
M0071,Todd,Price,1982-08-22,Male,(367)673-6216,richardjones@example.net,38684 Erica Green,Lake Robertburgh,Mississippi,5036,USA,2023-09-10,Inactive,C0461
M0072,Elizabeth,Ruiz,1953-06-11,Female,(712)980-2927,chensarah@example.com,05496 Harris Circles Apt. 611,Pennyhaven,Pennsylvania,66269,USA,2024-01-08,Active,C0303
M0075,Alexandra,Lambert,1968-05-28,Female,(940)784-9440,mathew04@example.net,39049 Michele Extension,West Jeanettestad,West Virginia,41032,USA,2024-10-17,Active,C0396
M0076,Mary,Lopez,2002-05-25,Female,(802)425-0117,edwardsjessica@example.net,10023 Michael Lodge Suite 709,Karenbury,Illinois,38846,USA,2024-10-16,Active,C0332
M0087,Jasmine,Williams,1996-11-03,Female,(514)445-0949,mitchelldavid@example.com,43637 Weaver Forks Suite 960,Port Katherineland,Ohio,54570,USA,2025-05-05,Active,C0189
M0088,Steven,Anderson,2003-07-21,Male,(980)365-8837,nelsonaaron@example.net,826 John Light,New Debbie,South Carolina,96596,USA,2024-11-24,Active,C0305
M0089,Paul,Austin,1966-02-08,Male,(369)471-8645,lisa13@example.com,3610 Reeves Ford Apt. 648,Karenchester,Kentucky,78926,USA,2025-01-02,Active,C0742
M0092,Robert,Mullins,1950-12-14,Male,(875)686-9007,hernandezjessica@example.com,59142 Black Alley Apt. 518,Port Sean,Michigan,95943,USA,2024-06-29,Inactive,C0690
M0093,Kevin,Castillo,1996-02-22,Male,(272)924-0964,cheryl81@example.net,071 Butler Park,South Monicamouth,New Jersey,64269,USA,2023-05-14,Inactive,C0417
M0094,Rick,Reese,1973-04-23,Male,(262)612-5559,ncollins@example.org,84549 Steven Circles,New Allen,Idaho,3763,USA,2025-04-14,Inactive,C0149
M0095,Andrew,Weiss,1995-06-16,Male,(394)749-7350,tonya45@example.net,0005 Kathy Glen Apt. 840,Roberthaven,Georgia,15896,USA,2024-09-28,Inactive,C0585
M0097,Ronald,Rocha,1953-03-21,Male,(323)453-3681,ellisonkatrina@example.com,2148 Jessica Station Apt. 663,West Sophiafurt,New Hampshire,40970,USA,2024-03-30,Active,C0237
M0098,Sara,Holt,1949-10-20,Female,(270)978-8727,michael61@example.com,92717 Phillip Ville Apt. 918,Port Melissachester,Tennessee,49186,USA,2023-05-11,Inactive,C0914
M0108,Raven,Gilbert,1987-02-09,Female,(987)856-5573,aerickson@example.org,288 Justin Via Suite 669,Catherineside,Kentucky,97974,USA,2024-02-07,Inactive,C0645
M0109,Gina,Green,1954-10-04,Female,(452)962-9197,rvega@example.com,433 Villanueva Inlet,Lake Eric,Maryland,19033,USA,2023-02-11,Active,C0160
M0115,Robert,Coleman,1992-03-28,Male,(361)664-0053,ellisapril@example.org,23566 Savage Cove Suite 137,North Stacymouth,Rhode Island,29784,USA,2022-11-22,Inactive,C0216
M0117,Marissa,Mcintosh,1975-01-16,Female,(889)869-1612,ysanchez@example.net,0740 Allison Trail,Riceville,Wyoming,11053,USA,2021-10-18,Inactive,C0310
M0118,Kyle,Fitzgerald,1974-11-09,Male,(930)519-6537,ibarralaura@example.net,11691 Holloway Pass,East Brianna,Alabama,27192,USA,2023-07-27,Active,C0364
M0130,Melissa,Owens,1983-06-16,Female,(356)842-2621,zriley@example.com,41766 Nguyen Shores Apt. 131,Josephside,Arkansas,57277,USA,2021-07-07,Inactive,C0948
M0138,Jocelyn,Lucero,2005-10-28,Female,(887)865-6118,patrick21@example.com,35845 Adam Mountain Apt. 307,North Megan,Arkansas,73285,USA,2023-09-27,Inactive,C0716
M0140,Andrea,Payne,1960-08-14,Female,(417)871-8179,rasmussenmatthew@example.com,3919 Carney Crossing,Port Michelle,Montana,38321,USA,2023-11-10,Inactive,C0054
M0142,Daniel,Thompson,1964-06-28,Male,(802)767-3770,mjones@example.net,095 Brady Cliffs Suite 487,West Louis,Massachusetts,97683,USA,2021-11-30,Inactive,C0170
M0144,Barbara,Hunter,1982-08-25,Female,(810)679-8669,rlee@example.net,329 John Estate,West Gregory,Kentucky,12525,USA,2025-01-23,Inactive,C0206
M0148,Victoria,Anderson,1978-12-27,Female,(684)448-7749,kenneth65@example.com,136 Johnathan Ways Apt. 573,New Rogermouth,North Carolina,50946,USA,2025-06-16,Inactive,C0346
M0151,Michael,Vincent,1978-12-30,Male,(939)936-4315,gonzalezcody@example.com,0032 Michael Village Suite 305,North Anthony,Ohio,711,USA,2023-12-21,Active,C0300
M0152,Robert,Bartlett,2005-07-16,Male,(346)471-2287,jasmine09@example.com,67025 Kenneth Landing,South Matthewburgh,Texas,71981,USA,2022-01-27,Active,C0196
M0153,Amanda,Jackson,1956-04-18,Female,(443)485-7953,nicole84@example.org,061 Hicks Plains Apt. 362,Williamsburgh,Hawaii,71989,USA,2024-04-22,Active,C0769
M0155,April,Moore,1954-05-25,Female,(896)632-9771,rachel23@example.org,93518 Diane Harbors Suite 628,Boyleland,Nebraska,25404,USA,2024-06-03,Active,C0355
M0158,George,Taylor,1952-11-09,Male,(562)633-6735,william39@example.org,38244 Harris Turnpike Apt. 616,Michaelfurt,Washington,6305,USA,2026-03-01,Active,C0245
M0164,Dylan,Christian,1969-01-17,Male,(563)414-4374,johnhowell@example.com,875 Maldonado Shores Apt. 551,Port Jacksontown,Nebraska,51905,USA,2026-03-14,Active,C0889
M0167,Jeremy,Hernandez,1973-06-08,Male,(896)938-1876,prattsteven@example.com,432 Lisa Fork Apt. 113,Thomastown,Vermont,21527,USA,2022-09-08,Inactive,C0578
M0169,Kevin,Marshall,1999-05-23,Male,(997)743-0009,pelliott@example.net,380 David Spring Suite 276,Lake Paul,Iowa,73640,USA,2024-07-30,Inactive,C0314
M0174,Natalie,Ponce,1972-11-01,Female,(416)780-5155,marvin99@example.com,7621 Elizabeth Route Apt. 401,Danielmouth,Iowa,9105,USA,2022-11-15,Active,C0980
M0181,Catherine,Meza,1975-06-27,Female,(616)394-1545,johnny25@example.com,790 Fitzgerald Lane Suite 359,Lake Todd,Alabama,79284,USA,2023-03-19,Inactive,C0393
M0182,Samuel,Wilson,1992-10-20,Male,(219)314-5947,robert81@example.org,8101 Jennifer Burg Apt. 565,West Sarahfort,Georgia,29049,USA,2026-04-15,Inactive,C0965
M0183,Nicole,Glover,2001-01-12,Female,(287)949-7962,megan94@example.org,45437 Jackson Manor Suite 468,Walkerview,Oklahoma,28074,USA,2022-10-01,Active,C0911
M0186,Candace,Clark,1966-03-13,Female,(403)356-6126,owalton@example.com,488 Michael Loaf Apt. 748,North Patricia,Arizona,72621,USA,2025-08-26,Inactive,C0298
M0189,Elizabeth,Gregory,1996-09-15,Female,(434)232-5168,malonekathy@example.com,7355 Ramirez Islands Suite 225,Kathychester,North Carolina,36575,USA,2021-11-15,Inactive,C0515
M0190,Sharon,Jones,1963-10-28,Female,(746)946-4010,davidprice@example.net,8333 Shah Freeway Suite 493,Freytown,Oklahoma,41794,USA,2023-11-16,Inactive,C0984
M0191,Justin,Perez,1992-06-07,Male,(446)780-1290,nielsendoris@example.net,7071 Arnold Stream Suite 559,Cabreraton,South Carolina,14778,USA,2025-02-28,Active,C0992
M0192,Michael,Garcia,1968-09-06,Male,(898)749-4371,garciajohn@example.net,15139 Mcdonald Corner Suite 006,Port Lori,Kansas,71910,USA,2024-01-01,Active,C0220
M0198,Victoria,King,1953-04-07,Female,(265)594-6252,obautista@example.net,1156 Hughes Plaza,Samanthahaven,Iowa,15285,USA,2025-09-02,Inactive,C0031
M0200,Jeremy,Melendez,1956-07-14,Male,(678)946-0887,oscarharper@example.org,6898 Rosales Extensions,Sandyland,Virginia,59482,USA,2024-01-13,Active,C0306
